INSERT INTO lugar  VALUES 
	('CHILE','PAÍS','PESO CHILENO','CHILENO','ESPAÑOL',NULL),
	('INGLATERRA','PAÍS','EURO','INGLÉS','INGLÉS',NULL),
	('SANTIAGO DE CHILE','CIUDAD',NULL,NULL,NULL,1),
	('PROVIDENCIA','CIUDAD',NULL,NULL,NULL,1),
	('LONDRES','CIUDAD',NULL,NULL,NULL,2),
	('MANCHESTER','CIUDAD',NULL,NULL,NULL,2);

INSERT INTO editorial  VALUES 
	('EDICIONES UDP',3),
	('MYTHICA EDICIONES',3),
	('ZIG ZAG',4),
	('TIEMPO PRESENTE',4),
	('SPECTRUM PRESS',5),
	('ELSEVIER',5),
	('NEWSCO INSIDER',6),
	('COMMA PRESS',6);

INSERT INTO clase VALUES
	('FANTASÍA','SUBGENERO',NULL),
	('CIENCIA FICCIÓN','SUBGENERO',NULL),
	('CIENCIA FICCIÓN POLÍTICA','OTRO',2),
	('ALEGORÍA','SUBGENERO',NULL),
	('NOVELA','SUBGENERO',NULL),
	('NOVELA TRÁGICA','OTROS',5),
	('HORROR','SUBGENERO',NULL),
	('ENSAYO','SUBGENERO',NULL);


INSERT INTO libro  VALUES
	('1984','INQUIETANTE INTERPRETACIÓN FUTURISTA BASADA EN LA CRÍTICA A LOS TOTALITARISMOS Y A LA OPRESIÓN DEL PODER, SITUADA EN 1984 EN UNA SOCIEDAD INGLESA',326,1948,'1984',5,3,NULL),
	('THE CHRONICLES OF NARNIA THE LION THE WITCH AND THE WARDROBE','CUATRO NIÑOS VIAJAN A TRAVES DE UN ROPERO A LA TIERRA DE NARNIA, DONDE VIVIRÁN INCREÍBLES AVENTURAS CON LA AYUDA DEL LEÓN ASLAN',208,1950,'LAS CRONICAS DE NARNIA EL LEON LA BRUJA Y EL ROPERO',4,1,NULL),
	('THE CHORNICLES OF NARNIA PRINCE CASPIAN','LOS CUATRO HERMANOS  REGRESAN A NARNIA Y AUNQUE PARA ELLOS HA PASADO UN AÑO ALLÁ HAN TRANSCURRIDO 1300 AÑOS. NARNIA ESTÁ AHORA SOMETIDA A LOS TELMARINOS A QUIENES DIRIGE EL MALVADO REY MIRAZ',195,1951,'LAS CRONICAS DE NARNIA EL PRINCIPE CASPIAN',5,1,2),
	('DIE VERWANDLUNG','CUENTA LA HISTORIA DE LA TRANSFORMACIÓN DE GREGORIO SAMSA EN UN MONSTRUOSO INSECTO, Y DEL DRAMA FAMILIAR QUE, A RAÍZ DE ESTE ACONTECIMIENTO, SE DESATA',128,1915,'LA METAMORFOSIS',8,4,NULL),
	('EL TÚNEL','JUAN PABLO CASTEL, PERSONAJE PRINCIPAL Y NARRADOR, CUENTA DESDE LA CÁRCEL LOS MOTIVOS QUE LO LLEVARON A ASESINAR A MARÍA IRIBARNE, SU AMANTE',184,1984,'EL TÚNEL',6,1,NULL),
	('THE TELL-TALE HEART','EL NARRADOR ESTA HACIENDO UN RECUENTO DE SU ACTUACIÓN HASTA EXPLICAR SU PROPIO ARRESTO POR LOS OFICIALES Y EL ODIO QUE SENTÍA CRECER POR EL ANCIANO Y SU OJO',20,1843,'CORAZÓN DELATOR',7,8,NULL),
	('HOMBRES Y ENGRANAJES','HOMBRES Y ENGRANAJES EXAMINA EL LARGO CAMINO RECORRIDO POR LA CULTURA OCCIDENTAL DESDE EL RENACIMIENTO A IMPULSOS DE LA DOBLE INFLUENCIA DEL DINERO Y DE LA RAZÓN',144,1951,'HOMBRES Y ENGRANAJES',3,8,NULL),
	('THE PIT AND THE PENDULUM','UN POZO DISIMULADO, UN PÉNDULO MORTÍFERO; LETAL. EL ASPECTO MÁS DETERMINANTE DE LA OBRA ES EL DOLOR PSICOLÓGICO QUE RESULTA SER MÁS FUERTE QUE EL  FÍSICO QUE EXPERIMENTA EL PROTAGONISTA',25,1842,'EL POZO Y EL PÉNDULO',7,7,NULL);

INSERT INTO representante_externo  VALUES
 (711793712, 'DION', 'DITTS', 'HUTT', 'QUINCEY'),
 (987892256, 'JUSTEN', 'AHRENDSEN', 'CAMBER', 'NERTY'),
 (533519477, 'RAYMUND', 'EAKLY', 'CAHANI', 'CHRISTY'),
 (520130964, 'HALIMEDA', 'CLEMETTS', 'TERZO', 'AMITY'),
 (621398341, 'SILVANO', 'MAHY', 'MANIE', 'REBEKKAH'),
 (744479435, 'BLONDELLE', 'CHIVERSTONE', 'MEDLING', 'KARI'),
 (548219921, 'NANNI', 'ROMAIN', 'DARRIGRAND', 'JUDON'),
 (631652901, 'EDI', 'LOVEGROVE', 'HANINGTON', 'MARIN');

INSERT INTO lector VALUES
(448012254, '07-08-2004', 'MILLICENT', 'HERRIEVEN', 'SHEPLEY', 'F', '340 498 3557', 1, NULL, NULL, NULL),
(617174421, '04-19-2002', 'DEVIN', 'LOVEITT', 'GRISLEY', 'M', '670 870 6191', 1, NULL, NULL, NULL),
(496583972, '06-12-2004', 'DEVONNE', 'MCENENY', 'EVITTS', 'F', '893 922 4906', 2, NULL, NULL, NULL),
(884614167, '02-29-2003', 'BERYLE', 'MORDE', 'NATALIE', 'F', '284 950 2491', 2, NULL, NULL, NULL),
(570098273, '10-19-2002', 'BRINEY', 'DOBBLE', 'MEBES', 'F', '775 336 0482', 2, NULL, NULL, NULL),
(018218935, '09-01-2008', 'MAL', 'KELD', 'BANTOCK', 'M', '829 319 7177', 2,711793712, NULL, NULL),
(335676685, '08-20-2010', 'DWAYNE', 'UNGERECHT', 'LOPEZ', 'M', '814 728 3169', 2,987892256, NULL, NULL),
(337599324, '03-02-2008', 'DARELLE', 'WHIGHTMAN', 'HASKUR', 'F', '457 215 1305', 1, 533519477, NULL, NULL),
(337021440, '03-08-2008', 'MERRILI', 'SHAUGHNESSY', 'MCNYSCHE', 'F', '775 981 5871', 2, 520130964, NULL, NULL),
(336109574, '05-27-2010', 'MELLI', 'MOSSON', 'CALIFORNIA', 'F', '142 180 8883', 2, 621398341, NULL, NULL),
(335351470, '03-11-2008', 'BALD', 'BURSTON', 'PENRITH', 'M', '249 887 6965', 1, 744479435, NULL, NULL),
(331832514, '01-21-2009', 'BRYNN', 'BURCHESS', 'HIXLEY', 'F', '691 472 4404', 1, 548219921, NULL, NULL),
(334061189, '05-15-2010', 'JADA', 'SOFFE', 'PIRES', 'F', '401 613 1432', 2,631652901 , NULL, NULL);

INSERT INTO lec_libro VALUES
(1,448012254,3), (2,448012254,7), (3,448012254,8),
(1,617174421,4), (2,617174421,5), (3,617174421,6),
(1,496583972,1), (2,496583972,2), (3,496583972,3),
(1,884614167,3), (2,884614167,1), (3,884614167,7),
(1,570098273,7), (2,570098273,5), (3,570098273,6),
(1,018218935,1), (2,018218935,2), (3,018218935,3),
(1,335676685,4), (2,335676685,1), (3,335676685,2),
(1,337599324,7), (2,337599324,8), (3,337599324,4),
(1,337021440,2), (2,337021440,1), (3,337021440,8),
(1,336109574,1), (2,336109574,2), (3,336109574,3),
(1,335351470,6), (2,335351470,2), (3,335351470,4),
(1,331832514,2), (2,331832514,5), (3,331832514,8),
(1,334061189,5), (2,334061189,6), (3,334061189,7);

INSERT INTO estructura VALUES

INSERT INTO institucion VALUES
()
















	
