SET DATESTYLE TO 'European';

INSERT INTO ofj_lugar (nombre,tipo,moneda,nacionalidad,idioma,fk_lugar) VALUES
	('CHILE','PAIS','PESO CHILENO','CHILENO','ESPAÑOL',NULL),
	('INGLATERRA','PAIS','EURO','INGLES','INGLES',NULL),
	('SANTIAGO DE CHILE','CIUDAD',NULL,NULL,NULL,1),
	('PROVIDENCIA','CIUDAD',NULL,NULL,NULL,1),
	('LONDRES','CIUDAD',NULL,NULL,NULL,2),
	('MANCHESTER','CIUDAD',NULL,NULL,NULL,2),
	('ESPAÑA','PAIS','EURO','ESPAÑOL','ESPAÑOL',NULL),
	('BARCELONA','CIUDAD',NULL,NULL,NULL,7);


INSERT INTO ofj_editorial (nombre,fk_lugar)  VALUES 
	('EDICIONES UDP',3),
	('MYTHICA EDICIONES',3),
	('ZIG ZAG',4),
	('TIEMPO PRESENTE',4),
	('SPECTRUM PRESS',5),
	('ELSEVIER',5),
	('NEWSCO INSIDER',6),
	('COMMA PRESS',6);

INSERT INTO ofj_clase (nombre,tipo,fk_clase) VALUES
	('FANTASÍA','SUBGENERO',NULL),
	('CIENCIA FICCIÓN','SUBGENERO',NULL),
	('CIENCIA FICCIÓN POLÍTICA','OTRO',2),
	('ALEGORÍA','SUBGENERO',NULL),
	('NOVELA','SUBGENERO',NULL),
	('NOVELA TRÁGICA','OTRO',5),
	('CIENCIA FICCIÓN ESPACIAL','OTRO',2),
	('ENSAYO','SUBGENERO',NULL);

INSERT INTO ofj_libro (titulo_original,sinopsis,nro_pags,ano,titulo_espanol,tema,fk_editorial,fk_clase,fk_libro_comp) VALUES
	('1984','INQUIETANTE INTERPRETACIÓN FUTURISTA BASADA EN LA CRÍTICA A LOS TOTALITARISMOS Y A LA OPRESIÓN DEL PODER, SITUADA EN 1984 EN UNA SOCIEDAD INGLESA',326,1948,'1984','SOCIEDAD',5,3,NULL),
	('THE CHRONICLES OF NARNIA THE LION THE WITCH AND THE WARDROBE','CUATRO NIÑOS VIAJAN A TRAVES DE UN ROPERO A LA TIERRA DE NARNIA, DONDE VIVIRÁN INCREÍBLES AVENTURAS CON LA AYUDA DEL LEÓN ASLAN',208,1950,'LAS CRONICAS DE NARNIA EL LEON LA BRUJA Y EL ROPERO','FANTASIA',4,1,NULL),
	('THE CHRONICLES OF NARNIA PRINCE CASPIAN','LOS CUATRO HERMANOS  REGRESAN A NARNIA Y AUNQUE PARA ELLOS HA PASADO UN AÑO ALLÁ HAN TRANSCURRIDO 1300 AÑOS. NARNIA ESTÁ AHORA SOMETIDA A LOS TELMARINOS A QUIENES DIRIGE EL MALVADO REY MIRAZ',195,1951,'LAS CRONICAS DE NARNIA EL PRINCIPE CASPIAN','FANTASIA',5,1,2),
	('DIE VERWANDLUNG','CUENTA LA HISTORIA DE LA TRANSFORMACIÓN DE GREGORIO SAMSA EN UN MONSTRUOSO INSECTO, Y DEL DRAMA FAMILIAR QUE, A RAÍZ DE ESTE ACONTECIMIENTO, SE DESATA',128,1915,'LA METAMORFOSIS','INSTROSPECCION',4,6,NULL),
	('EL TÚNEL','JUAN PABLO CASTEL, PERSONAJE PRINCIPAL Y NARRADOR, CUENTA DESDE LA CÁRCEL LOS MOTIVOS QUE LO LLEVARON A ASESINAR A MARÍA IRIBARNE, SU AMANTE',184,1984,'EL TÚNEL','SOLEDAD',6,8,NULL),
	('BRAVE NEW WORLD','LA NOVELA ES UNA DISTOPÍA QUE ANTICIPA EL DESARROLLO EN TECNOLOGÍA REPRODUCTIVA, CULTIVOS HUMANOS E HIPNOPEDIA, MANEJO DE LAS EMOCIONES POR MEDIO DE DROGAS QUE, COMBINADAS, CAMBIAN RADICALMENTE LA SOCIEDAD',178,1932,'UN MUNDO FELIZ','FUTURO',3,3,NULL),
	('HOMBRES Y ENGRANAJES','HOMBRES Y ENGRANAJES EXAMINA EL LARGO CAMINO RECORRIDO POR LA CULTURA OCCIDENTAL DESDE EL RENACIMIENTO A IMPULSOS DE LA DOBLE INFLUENCIA DEL DINERO Y DE LA RAZÓN',144,1951,'HOMBRES Y ENGRANAJES','SOCIEDAD',3,8,NULL),
	('2001: A SPACE ODYSSEY','LA SUPERCOMPUTADORA HAL 9000 GUÍA A UN EQUIPO DE TRES ASTRONAUTAS EN UN VIAJE EN EL QUE BUSCAN DESCUBRIR LOS ORÍGENES DE LA HUMANIDAD',240,1968,'2001:ODISEA EN EL ESPACIO','FANTASIA',7,7,NULL);


INSERT INTO ofj_representante_externo (docidentidad,nombre1,apellido1,apellido2,nombre2)  VALUES
	(711793712, 'DION', 'DITTS', 'HUTT', 'QUINCEY'),
 	(987892256, 'JUSTEN', 'AHRENDSEN', 'CAMBER', 'NERTY'),
 	(533519477, 'RAYMUND', 'EAKLY', 'CAHANI', 'CHRISTY'),
 	(520130964, 'HALIMEDA', 'CLEMETTS', 'TERZO', 'AMITY'),
 	(621398341, 'SILVANO', 'MAHY', 'MANIE', 'REBEKKAH'),
 	(744479435, 'BLONDELLE', 'CHIVERSTONE', 'MEDLING', 'KARI'),
 	(548219921, 'NANNI', 'ROMAIN', 'DARRIGRAND', 'JUDON'),
 	(631652901, 'EDI', 'LOVEGROVE', 'HANINGTON', 'MARIN'),	 
	(093456789,'JAVIER'   ,'JIMENES'   , 'GONZALEZ' , NULL),
	(103456789,'JOSE'     , 'PEREZ'   , 'GONZALES'  , NULL),
	(113456789,'MAURICIO' , 'RUBIO'   , 'GONZALEZ'  , NULL),
	(123456789,'SALVADOR' , 'MUÑOS'   , 'HERNANDEZ' , NULL),
	(133456789,'JOSEPH'   , 'MORENO'  , 'GONZALES'  , NULL),
	(143456789,'ALEJANDRO', 'GOMEZ'   , 'SHEPLEY'   , NULL),
	(153456789,'PEDRO'    , 'GONZALES', 'RUIZ'      , NULL),
	(163456789,'JAVIER'   , 'STADELE' , 'GONZALEZ'  , NULL),
	(174567898,'JOSEPH'    , 'ABLAN'   , 'HERNANDEZ', NULL),
	(183456652,'OMAR'     ,'JIMENES'   , 'GONZALEZ' , NULL),
	(193456587,'FERNANDO' , 'PEREZ'   , 'GONZALES'  , NULL),
	(203456478,'OMAR'     , 'RUBIO'   , 'GONZALEZ'  , NULL),
	(213456458,'MARIA'    , 'MUÑOS'   , 'HERNANDEZ' , NULL),
	(223456154,'PETULIA'  , 'MORENO'  , 'GONZALES'  , NULL),
	(233456123,'ROASALIA' , 'GOMEZ'   , 'SHEPLEY'   , NULL),
	(243456963,'ALTURA'   , 'GONZALES', 'RUIZ'      , NULL),
	(253456445,'LUNA'     , 'STADELE' , 'GONZALEZ'  , NULL),
	(263456222,'TAMMY'    , 'ABLAN'   , 'HERNANDEZ' , NULL),
	(273222789,'CARLA'    , 'MORENO'  , 'GONZALES'  , NULL),
	(283456789,'PAOLA'    , 'GONZALES', 'RUIZ'      , NULL),
	(297856789,'MARIA'    , 'STADELE' , 'GONZALEZ'  , NULL),
	(303456789,'VICTORIA' , 'ABLAN'   , 'HERNANDEZ' , NULL),
	(313456789,'VICTORIA' , 'ABLAN'   , 'HERNANDEZ' , NULL),
	(323456777,'MANUEL' , 'ABLAN'   , 'PEREZ' , NULL),
	(333456766,'GERARDO' , 'RUIZ'   , 'FEO' , NULL),
	(343456458,'VALERIA' , 'ABLAN'   , 'PEREZ' , NULL);

INSERT INTO ofj_lector (docidentidad,fecha_nac,nombre1,apellido1,apellido2,genero,telefono,fk_nacionalidad,fk_rep_externo ,fk_rep,nombre2) VALUES
	--NINOS
	(318218935,'09/01/2008','MAL', 'KELD','BANTOCK','M',8293177,1,711793712, NULL, NULL),
	(335676685,'08/1/2010', 'DWAYNE','UNGERECHT','LOPEZ','M',883169,1,987892256, NULL, NULL),
	(337599324,'03/02/2008', 'DARELLE', 'WHIGHTMAN','HASKUR', 'F',4151305,1,533519477, NULL, NULL),
	(337021440,'03/08/2008','MERRILI','SHAUGHNESSY','MCNYSCHE','F',15871,1,520130964, NULL, NULL),
	(336109574,'05/07/2010', 'MELLI','MOSSON','CALIFORNIA','F',142183,1,621398341, NULL, NULL),
	(335351470,'03/11/2008', 'BALD','BURSTON','PENRITH','M',246965,1,744479435, NULL, NULL),
	(331832514,'01/1/2009', 'BRYNN','BURCHESS','HIXLEY','F',624404,1,548219921, NULL, NULL),

	(377007160,'01/01/2010', 'JOSE','GONZALEZ','SHEPLEY','M', 04242232774,1,093456789, NULL, NULL),
	(387007170,'02/02/2008', 'FERNANDO','HERNANDEZ', 'RUIZ','M',04242245774,1,103456789, NULL, NULL),
	(397007181,'03/03/2009', 'OMAR','JIMENES','GONZALEZ','M',04242232774,1,113456789, NULL, NULL),
	(307007195,'04/04/2008', 'RAFAEL','PEREZ','GONZALES','M',04242232774,1,123456789, NULL,NULL),
	(317007207,'05/05/2009', 'JAVIER','RUBIO','GONZALEZ','M',04242232774,7,133456789,NULL, NULL),
	(327007218,'06/06/2010', 'PEDRO','MUÑOS', 'HERNANDEZ','M',04242555774,1,143456789,NULL,NULL),
	(337007225,'07/07/2009', 'PEDRO','MORENO', 'GONZALES','M',04242333774,1,153456789,NULL,NULL),
	(347007231,'08/08/2007', 'MARIA','GOMEZ','SHEPLEY','F',04242222274,2,163456789, NULL, NULL),
	(357007242,'09/09/2007', 'ANNA','GONZALES','RUIZ','F',04242238644,2,174567898, NULL, NULL),
	(467007252,'10/10/2010', 'ANA','STADELE','GONZALEZ','F',04242895774,2,183456652, NULL, NULL),
	(477007264,'12/11/2007', 'LUCIA','ABLAN','HERNANDEZ','F',04242865774,7,193456587, NULL, NULL),
	(487007275,'13/12/2010', 'GABRIELA','PERES','GONZALES','F',04242888874,7,203456478, NULL, NULL),

	--JOVENES
		--2
	(448012254, '07/08/2004', 'MILLICENT','HERRIEVEN', 'SHEPLEY', 'F',3404987,2, NULL, 217007102, NULL),
	(617174421, '04/9/2002', 'DEVIN','LOVEITT', 'GRISLEY','M',670891,2, NULL, 232700711,NULL),
	(496583972, '06/12/2004','DEVONNE','MCENENY','EVITTS','F',893906,2, NULL, 247007136,NULL),
	(884614167, '02/9/2003','BERYLE', 'MORDE','NATALIE', 'F',284491,2, NULL, 257007144,NULL),
	(570098273, '10/9/2002','BRINEY', 'DOBBLE','MEBES', 'F',760482,2, NULL, 267007155,NULL),
	(497007282, '11/12/2007','BARBARA','MORENO','SHEPLEY','F',04245532774,2,213456458, NULL, NULL),
	(507007165, '01/01/2006','JOSE','GONZALEZ','SHEPLEY','M',04242232774,2,223456154, NULL, NULL),
	(517007175, '02/02/2005','FERNANDO','HERNANDEZ','RUIZ','M',04242245774,2,233456123, NULL, NULL),
	(527007183,'3/03/2004','OMAR', 'JIMENES','GONZALEZ','M',04242232774,2,243456963, NULL, NULL),
	(537007191, '4/04/2004','RAFAEL','PEREZ','GONZALES','M',04242232774,2,253456445, NULL, NULL),

	(54700720, '5/05/2003','JAVIER','RUBIO','GONZALEZ','M',04242232774,7,263456222, NULL, NULL),
	(55700721, '6/06/2005','PEDRO','MUÑOS','HERNANDEZ' ,'M',04242555774,1,273222789, NULL, NULL),
	(56700722, '7/07/2006','PEDRO','MORENO','GONZALES','M',04242333774,1,283456789, NULL, NULL),
	(57700723, '08/08/2004','MARIA','GOMEZ','SHEPLEY', 'F',04242222274,2,297856789, NULL, NULL),
	(58700724, '09/09/2003','ANNA','GONZALES', 'RUIZ', 'F',04242238644,2,303456789, NULL, NULL),
	(59700725, '10/10/2005','ANA','STADELE' , 'GONZALEZ','F',04242895774,2,313456789, NULL, NULL),
	(60700726, '12/11/2006','LUCIA','ABLAN','HERNANDEZ' ,'F',04242865774,7,323456777, NULL, NULL),
	(61700727, '13/12/2003','GABRIELA','PERES','GONZALES','F',04242888874,7,333456766, NULL, NULL),
	(62700728, '14/12/2004','BARBARA','MORENO','SHEPLEY','F',04245532774,7,343456458, NULL, NULL),
	
	--ADULTOS
	(217007303,'01/09/1995','JAVIER','GONZALEZ','HERNANDEZ','M',04242232774,1, NULL,NULL,NULL),
	(227007319,'02/10/1995','JOSE','GARCIA','GONZALEZ','M',04243754774,1, NULL,NULL,NULL),
	(237007321,'03/11/1998','FRANCISCO','MARTINEZ','GONZALES','M',04241536474,1, NULL,NULL,NULL),
	(247007332,'04/12/1994','JUAN','LOPEZ','HERNANDEZ','M',04244567854,1, NULL,NULL,NULL),
	(257007343,'05/01/1997','DAVID','GOMEZ','HERNANDEZ','M',04242345689,1, NULL,NULL,NULL),
	(267007352,'06/02/1991','HUMBERTO','MORENO','HERNANDEZ','M',02125648975,1, NULL,NULL,NULL),
	(277007361,'07/03/1992','CARLOS','RUIZ','GONZALEZ','M',02125464897,1, NULL,NULL,NULL),
	(287007372,'08/04/1991','RAFAEL','MUÑOS','GONZALES','M',04124567897,1, NULL,NULL,NULL),
	(297007383,'09/05/1992','MARIA','RUBIO','HERNANDEZ','F',04245654879,1, NULL,NULL,NULL),
	(207007394,'10/06/1993','JOSEFA','ALFARO','HERNANDEZ','F',04242232165,1, NULL,NULL,NULL),
	(217007102,'11/07/1993','ISABEL','MOLINA','GONZALEZ','F',04242256556,2, NULL,NULL,NULL),
	(232700711,'12/08/1994','CARMEN','RUBIO','GONZALES','F',04242299999,2, NULL,NULL,NULL),
	(233700712,'11/09/1997','FRANCISCA','GONZALEZ','HERNANDEZ','F',04242288888,2,NULL,NULL,NULL),
	(247007136,'10/10/1998','ANA','PEREZ','GONZALEZ','F',04242244444,2, NULL,NULL,NULL),
	(257007144,'09/11/1997','PILAR','GONZALEZ','GONZALES','F',04242255555,2, NULL,NULL,NULL),
	(267007155,'08/12/1997','LUCIA','JIMENES','HERNANDEZ','F',04242299999,2, NULL,NULL,NULL);

INSERT INTO ofj_lec_libro (posicion,doc_lector,id_libro) VALUES
	(1,448012254,3), (2,448012254,7), (3,448012254,8),
	(1,617174421,4), (2,617174421,5), (3,617174421,6),
	(1,496583972,1), (2,496583972,2), (3,496583972,3),
	(1,884614167,3), (2,884614167,1), (3,884614167,7),
	(1,570098273,7), (2,570098273,5), (3,570098273,6),
	(1,318218935,1), (2,318218935,2), (3,318218935,3),
	(1,335676685,4), (2,335676685,1), (3,335676685,2),
	(1,337599324,7), (2,337599324,8), (3,337599324,4),
	(1,337021440,2), (2,337021440,1), (3,337021440,8),
	(1,336109574,1), (2,336109574,2), (3,336109574,3),
	(1,335351470,6), (2,335351470,2), (3,335351470,4),
	(1,331832514,2), (2,331832514,5), (3,331832514,8),
	(1,497007282,1), (2,497007282,5), (3,497007282,3),
	(1,507007165,4), (2,507007165,2), (3,507007165,1),
	(1,517007175,2), (2,517007175,3), (3,517007175,1),
	(1,527007183,3), (2,527007183,2), (3,527007183,6),	
	(1,537007191,1), (2,537007191,2), (3,537007191,5),	
	(1,217007303,2), (2,217007303,4), (3,217007303,6),
	(1,377007160,4), (2,377007160,3), (3,377007160,8),
	(1,387007170,2), (2,387007170,5), (3,387007170,1),
	(1,397007181,1), (2,397007181,5), (3,397007181,2),
	(1,307007195,3), (2,307007195,5), (3,307007195,1);

INSERT INTO ofj_institucion (nombre,detalle,fk_lugar) VALUES
	('BIBLIOTECA NACIONAL DE CHILE',NULL,3),
	('BIBLIOTECA MUNICIPAL DE PROVIDENCIA',NULL,4),
	('COLEGIO SAN IGNACIO',NULL,3),
	('COLEGIO MANANTIALES',NULL,4),
	('GUILDHALL LIBRARY',NULL,5),
	('THE MAUGHAN LIBRARY',NULL,5),
	('ARDEN UNIVERSITY',NULL,6),
	('THE MANCHESTER COLLEGE',NULL,6);

INSERT INTO ofj_club (codigo_postal,nombre,direccion,fk_lugar,fk_institucion,cuota) VALUES
	('8320000','TARDES DE LECTURA','AVENIDA APOQUINDO 6282 LAS CONDES',3,NULL,100),
	('8320000','UN LIBRO Y UN CAFÉ','AVENIDA BUZETA 4534 CERRILLOS',3,1,NULL),
	('7500000','LECTORES POR DIVERSIÓN','AVENIDA HERNANDO DE AGUIRRE 3645',4,2,NULL),
	('7500000','FORJADORES DE IDEAS','AVENIDA NUEVA PROVIDENCIA 2034',4,NULL,100),
	('N179EZ','BOOKS AND MEETING','65 HANBURY ST SPITALFIELDS',5,NULL,100),
	('N179EZ','READERS FROM NOWHERE','84 MARYLEBONE HIGH ST MARYLEBONE',5,5,NULL),
	('BL1','MANCHESTER READING FANS','1620 TURNER STREET NORTHERN QUARTER',6,6,NULL),
	('M15','LIBERAL CLUB BOOK ','47 BARLOW MORE ROAD DIDSBURY VILLAGE',6,5,NULL);

INSERT INTO ofj_sala (tipo,capacidad,nombre,direccion,fk_lugar,fk_club) VALUES 
	('PROPIA',30,'ANDRÉS BELLO','AVENIDA APOQUINDO 6282 LAS CONDES',3,1),
	('ALQUILADA',40,'LOS ENCUENTROS','AVENIDA BUZETA 4534 CERRILLOS',3,1),
	('PROPIA',20,'PABLO NERUDA','AVENIDA HERNANDO DE AGUIRRE 3645',4,3),
	('PROPIA',25,'NICANOR PARRA','AVENIDA NUEVA PROVIDENCIA 2034',4,4),
	('ALQUILADA',20,'MEETING PLACE','65 HANBURY ST, SPITALFIELDS',5,5),
	('ALQUILADA',20,'ADVENTURES PLACE','84 MARYLEBONE HIGH ST MARYLEBONE',5,6),
	('ALQUILADA',30,'CHARLES DICKENS','1620 TURNER STREET NORTHERN QUARTER',6,7),
	('PROPIA',20,'JANE AUSTEN','47 BARLOW MORE ROAD DIDSBURY VILLAGE',6,8);

INSERT INTO ofj_asoc_club (id_club,id_club_asoc) VALUES
	(1,2), (1,3), (1,4),
	(2,3), (2,4), (5,6),
	(5,7), (5,8);

INSERT INTO ofj_obra_actuada (resumen,precio,titulo,estatus_actividad,duracion,fk_sala) VALUES
	('BASADA EN LA NOVELA DE ORWELL ESTA CINTA NARRA LAS VIDAS DE WINSTON SMITH Y SU AMANTE EN MEDIO DE UNA SOCIEDAD TOTALITARIA',10,'1984','1',113,5),
	('AVENTURAS DE 4 HERMANOS EN UN MUNDO FANTASIOSO LLAMADO NARNIA',12,'NARNIA 1 Y 2','1',200,2),
	('LA OBRA ES UNA CONTINUA METÁFORA QUE ALUDE AL HECHO DE QUE INCLUSO ANTES DE CONVERTIRSE EN UN INSECTO, GREGOR YA ESTABA SIENDO TRATADO COMO TAL',15,'LA METAMORFOSIS','1',80,3),
	('JUAN PABLO CASTEL ES UN PINTOR RECLUIDO EN PRISIÓN POR EL ASESINATO DE MARÍA IRIBARNE. DURANTE SU ENCIERRO REMEMORA LA CADENA DE ACONTECIMIENTOS QUE LO LLEVARON A PERDER EL CONTROL.',10,'EL TUNEL: LA OBRA','0',60, 4),
	('EN PLENA ERA FORDIANA, LA SOCIEDAD SE ESTRUCTURA EN UN SISTEMA DE CASTAS EN EL QUE TODOS LOS HUMANOS, DESDE LOS PRIVILEGIADOS ALFAS HASTA LOS DENOSTADOS ÉPSILON, HAN SIDO CREADOS ARTIFICIALMENTE Y CONDICIONADOS PARA DESEMPEÑAR UN DETERMINADO PAPEL SOCIAL',12,'UN MUNDO FELIZ','1',77,4),
	('LA CULTURA OCCIDENTAL A SUFRIDO MUCHOS CAMBIOS DESDE EL RENACIMIENTO INFLUENCIADOS POR EL DINERO Y LA RAZON', 10, 'HOMBRES Y ENGRANAJES', '1',120,5),
	('UNA SUPERCOMPUTADORA TRATARA DE TOMAR EL CONTROL DE LA NAVE Y SE EMBARCARA EN LA BUSQUEDA DE LA VERDAD', 40, '2001', '1', 90, 6),
	('EL DR FLOYD HA VIAJADO PARA INVESTIGAR UN EXTRANO MONOLITO EN LA LUNA QUE PODRIA DEVELAR LA VERDAD DE LA CREACION HUMANA', 33, '2001: LA OBRA', '0', 80, 8);

INSERT INTO ofj_hist_lector (fecha_ini,doc_lector,id_club,estatus,motivo_retiro,fecha_fin) VALUES
	('05/05/2019',448012254,5,'ACTIVO',NULL,NULL),
	('07/05/2019',617174421,5,'ACTIVO',NULL,NULL), 
	('07/01/2019',496583972,5,'ACTIVO',NULL,NULL),
	('07/05/2019',884614167,5,'ACTIVO',NULL,NULL),
	('07/05/2019',570098273,5,'ACTIVO',NULL,NULL),
	('05/05/2019',497007282,5,'ACTIVO',NULL,NULL),
	('06/01/2019',507007165,5,'ACTIVO',NULL,NULL),
	('09/03/2019',517007175,5,'ACTIVO',NULL,NULL),	
	('11/03/2019',527007183,5,'ACTIVO',NULL,NULL),	
	('12/06/2019',537007191,5,'ACTIVO',NULL,NULL),
	('06/01/2019',318218935,1,'ACTIVO',NULL,NULL),
	('09/03/2019',335676685,1,'ACTIVO',NULL,NULL),
	('10/04/2019',337599324,1,'ACTIVO',NULL,NULL),
	('05/02/2019',337021440,1,'ACTIVO',NULL,NULL),
	('01/10/2019',336109574,1,'ACTIVO',NULL,NULL),
	('08/10/2019',335351470,1,'ACTIVO',NULL,NULL),	
	('09/03/2019',377007160,1,'ACTIVO',NULL,NULL),
	('10/03/2019',387007170,1,'ACTIVO',NULL,NULL),
	('07/05/2019',397007181,1,'ACTIVO',NULL,NULL),
	('05/02/2019',307007195,1,'ACTIVO',NULL,NULL),
	('09/10/2019',331832514,1,'ACTIVO',NULL,'10/11/2019'),
	('10/11/2019',331832514,1,'RETIRADO','VOLUNTARIO',NULL),
	('12/05/2019',217007303,1,'ACTIVO',NULL,NULL);

INSERT INTO ofj_calendario (fecha,id_obra,hora_i,estatus_realizada,valoracion,cantidad_asistencia) VALUES
	('29/10/2019',1,'15:00:00','1',4,20),
	('30/10/2019',1,'15:00:00','1',5,18),
	('31/10/2019',1,'15:00:00','1',4,12),
	('01/11/2019',1,'15:00:00','1',3,10),
	('02/11/2019',1,'15:00:00','1',5,20),	
	('18/10/2019',2,'13:00:00','1',4,30),
	('19/10/2019',2,'13:00:00','1',5,40),
	('20/10/2019',2,'13:00:00','1',3,35),				
	('22/10/2019',2,'13:00:00','0',NULL,NULL);

INSERT INTO ofj_personaje (id_obra,nombre,descripcion) VALUES 
	(1,'WINSTON SMITH','ES DE MENTALIDAD CEREBRAL Y MELANCÓLICA, QUE RECUERDA DE FORMA INSISTENTE EL PASADO, COMO REACCIÓN CONTRA LA DICTADURA TOTALITARIA'),
	(1,'JULIA','JULIA TRABAJA EN LA PRODUCCIÓN DE NOVELAS DEL MINISTERIO DE LA VERDAD, DONDE, TRAS UN ACCIDENTE, CONOCE A WINSTON SMITH'),
	(1,'OBRIEN','OBRIEN, UN HOMBRE PODEROSO Y ASTUTO, HACE CREER A WINSTON QUE PERTENECE A LA HERMANDAD, UN GRUPO CONTRARIO AL PARTIDO'),
	(1,'GOLDSTEIN','SE LO CONOCE PÚBLICAMENTE COMO UN ENEMIGO DEL GOBIERNO, PERO EN REALIDAD DESEMPEÑA EL PAPEL DE CHIVO EXPIATORIO DEL PARTIDO'),
	(1,'BIG BROTHER','DE CARÁCTER OMNIPRESENTE ES, JUNTO CON EMMANUEL GOLDSTEIN, EL FUNDADOR DEL PARTIDO QUE TODO LO CONTROLA. SU EXISTENCIA ES ENIGMÁTICA, PUES NUNCA LLEGA A APARECER EN PERSONA NI A DECIRSE SU NOMBRE REAL'),
	(2,'ASLAN','ASLAN ES EL LEÓN CREADOR DE NARNIA E HIJO DEL GRAN EMPERADOR MÁS ALLÁ DE LOS MARES'),
	(2,'LUCY PEVENSIE','FUE LA PRIMERA DE LOS CUATRO HERMANOS EN IR A NARNIA; ALLÍ CONOCIÓ A UN FAUNO LLAMADO TUMNUS, QUE LE HABLÓ DE NARNIA Y LA INVITÓ A CENAR EN SU CASA'),
	(2,'SUSAN PEVENSIE ','EN SU ESTANCIA EN NARNIA ES CONOCIDA COMO LA REINA SUSAN, LA BENÉVOLA');

INSERT INTO ofj_elenco (id_personaje,id_obra_personaje,id_obra_elenco,fecha_hist_lector,doc_lector_hist_lector,id_club_hist_lector,principal) VALUES
	(1,1,1,'05/05/2019',448012254,5,'1'),
	(2,1,1,'07/05/2019',617174421,5,'0'),
	(3,1,1,'07/01/2019',496583972,5,'0'),
	(4,1,1,'07/05/2019',884614167,5,'0'),
	(5,1,1,'07/05/2019',570098273,5,'1'),
	(6,2,2,'06/01/2019',318218935,1,'1'),
	(7,2,2,'09/03/2019',335676685,1,'1'),
    (8,2,2,'10/04/2019',337599324,1,'1');
	
INSERT INTO ofj_mejor_actor (fecha_cal,id_obra_cal,id_personaje,id_obra_personaje,id_obra_elenco,fecha_hist_lector_elenco,doc_lector_hist_elenco,id_club_hist_elenco) VALUES
    ('29/10/2019',1,1,1,1,'05/05/2019',448012254,5),
	('30/10/2019',1,2,1,1,'07/05/2019',617174421,5),
	('31/10/2019',1,3,1,1,'07/01/2019',496583972,5),
	('01/11/2019',1,4,1,1,'07/05/2019',884614167,5),
	('02/11/2019',1,5,1,1,'07/05/2019',570098273,5),
	('18/10/2019',2,6,2,2,'06/01/2019',318218935,1),
	('19/10/2019',2,7,2,2,'09/03/2019',335676685,1),
	('20/10/2019',2,8,2,2,'10/04/2019',337599324,1);

INSERT INTO ofj_cal_club (id_club,fecha_cal,id_obra) VALUES 
    (5,'29/10/2019',1),
	(5,'30/10/2019',1),
	(5,'31/10/2019',1),
	(5,'01/11/2019',1),
	(5,'02/11/2019',1),
	(1,'18/10/2019',2),
	(1,'19/10/2019',2),
	(1,'20/10/2019',2);

INSERT INTO ofj_obra_libro (id_obra,id_libro) VALUES 
    (1,1), (2,2), (2,3),
    (3,4), (4,5), (5,6),
    (6,7), (7,8);

INSERT INTO ofj_pago (fecha_hist_lector,doc_lector_hist_lector,id_club_hist_lector,fecha_pago,tipo_pago) VALUES
    ('05/05/2019',448012254,5,'05/05/2019','DÉBITO'),
    ('07/05/2019',617174421,5,'07/05/2019','CRÉDITO'),
    ('07/01/2019',496583972,5,'07/01/2019','DÉBITO'),
    ('07/05/2019',884614167,5,'07/05/2019','DÉBITO'),
    ('07/05/2019',570098273,5,'07/05/2019','CRÉDITO'),
    ('06/01/2019',318218935,1,'06/01/2019','CRÉDITO'),
    ('09/03/2019',335676685,1,'09/03/2019','DÉBITO'),
    ('10/04/2019',337599324,1,'10/04/2019','DÉBITO'),
	('05/05/2019',497007282,5,'05/05/2019','DÉBITO'),
	('06/01/2019',507007165,5,'06/01/2019','DÉBITO'),
	('09/03/2019',517007175,5,'09/03/2019','CRÉDITO'),	
	('11/03/2019',527007183,5,'11/03/2019','CRÉDITO'),	
	('12/06/2019',537007191,5,'12/06/2019','CRÉDITO'),
	('12/05/2019',217007303,1,'12/05/2019','CRÉDITO'),
	('09/03/2019',377007160,1,'09/03/2019','CRÉDITO'),
	('10/03/2019',387007170,1,'10/03/2019','DÉBITO'),
	('07/05/2019',397007181,1,'07/05/2019','CRÉDITO'),
	('05/02/2019',307007195,1,'05/02/2019','DÉBITO');

INSERT INTO ofj_grupo_lectura (id_club,tipo_grupo,dia,hora_ini,hora_fin) VALUES
    (5,'JOVEN',2,'13:00:00','14:00:00'),
    (5,'ADULTO',3,'15:00:00','17:00:00'),
    (5,'NINO',4,'13:00:00','14:00:00'),
    (5,'NINO',5,'13:00:00','14:00:00'),
    (1,'NINO',2,'13:00:00','14:00:00'),
    (1,'NINO',3,'14:00:00','15:00:00'),
    (1,'JOVEN',4,'13:00:00','14:00:00'),
    (1,'ADULTO',5,'16:00:00','18:00:00');

INSERT INTO ofj_hist_grupo (fecha_hist_lector,doc_lector_hist_lector,id_club_hist_lector,id_grupo,id_club_grupo,fecha_ini,fecha_fin) VALUES
    ('05/05/2019',448012254,5,1,5,'05/05/2019',NULL),
    ('07/05/2019',617174421,5,1,5,'07/05/2019',NULL),
    ('07/01/2019',496583972,5,1,5,'07/01/2019',NULL),
    ('07/05/2019',884614167,5,1,5,'07/05/2019',NULL),
    ('07/05/2019',570098273,5,1,5,'07/05/2019',NULL),
	('05/05/2019',497007282,5,1,5,'05/05/2019',NULL),
	('06/01/2019',507007165,5,1,5,'06/01/2019',NULL),
	('09/03/2019',517007175,5,1,5,'09/03/2019',NULL),
	('11/03/2019',527007183,5,1,5,'11/03/2019',NULL),
	('12/06/2019',537007191,5,1,5,'12/06/2019',NULL),	
	('12/05/2019',217007303,1,5,1,'12/05/2019',NULL),

    ('06/01/2019',318218935,1,5,1,'06/01/2019',NULL),
    ('09/03/2019',335676685,1,5,1,'09/03/2019',NULL),
    ('10/04/2019',337599324,1,5,1,'10/04/2019',NULL),
    ('05/02/2019',337021440,1,5,1,'05/02/2019',NULL),
    ('01/10/2019',336109574,1,5,1,'01/10/2019',NULL),
    ('08/10/2019',335351470,1,5,1,'08/10/2019',NULL),
    ('09/10/2019',331832514,1,5,1,'09/10/2019',NULL),
	('09/03/2019',377007160,1,5,1,'09/10/2019',NULL),
	('10/03/2019',387007170,1,5,1,'10/03/2019',NULL),
	('07/05/2019',397007181,1,5,1,'07/05/2019',NULL),
	('05/02/2019',307007195,1,5,1,'05/02/2019',NULL);

INSERT INTO ofj_reunion (id_grupo,id_club_grupo,id_grupo_hist_grupo,id_club_hist_grupo,fecha_hlector,doc_lector,id_club_hist_lector,id_libro,fecha,conclusiones,valoracion) VALUES
	(1,5,1,5,'05/05/2019',448012254,5,1,'01/07/2019',NULL,NULL),
	(1,5,1,5,'05/05/2019',448012254,5,1,'08/07/2019',NULL,NULL),
	(1,5,1,5,'05/05/2019',448012254,5,1,'15/07/2019','ES UN LIBRO QUE DEFINE PERFECTAMENTE LOS TOTALITARISMOS Y EL PODER QUE SE PUEDE TENER SI SE LOGRA PLANTAR UNA IDEA EN LA POBLACION',5),
	(1,5,1,5,'07/05/2019',617174421,5,6,'05/08/2019',NULL,NULL),
	(1,5,1,5,'07/05/2019',617174421,5,6,'12/08/2019','ES UN LIBRO DE CIENCIA FICCIÓN ES UNA CRÍTICA A LAS TENDENCIAS SOCIALES DE 1930 CUYOS PENSAMIENTOS CONTINÚAN VIGENTES',4),
	(5,1,5,1,'12/05/2019',217007303,1,2,'04/11/2019',NULL,NULL),
	(5,1,5,1,'12/05/2019',217007303,1,2,'11/11/2019',NULL,NULL),
	(5,1,5,1,'12/05/2019',217007303,1,2,'18/11/2019','EN MEDIO DE SU PASO POR ESTE FANTÁSTICO MUNDO, LOS HERMANOS CONOCEN A ASLAN, EL LEÓN QUE HA CREADO NARNIA, TOMANDO LA DECISIÓN DE SUMARSE A SU BANDO, Y PARTICIPAR EN LA BATALLA POR LIBERAR ESTA TIERRA',4);		

INSERT INTO ofj_inasistencia (id_reunion,id_grupo_reunion,id_club_grupo_reunion,id_grupo,id_club_grupo,id_grupo_hist_grupo,id_club_grupo_hist_grupo,fecha_hlector,doc_lector,id_club_hist_lector) VALUES 
	(1,1,5,1,5,1,5,'07/05/2019',617174421,5),
	(2,1,5,1,5,1,5,'07/01/2019',496583972,5),
	(3,1,5,1,5,1,5,'07/05/2019',884614167,5),
	(3,1,5,1,5,1,5,'07/05/2019',570098273,5),
	(6,5,1,5,1,5,1,'06/01/2019',318218935,1),
	(6,5,1,5,1,5,1,'09/03/2019',335676685,1),
	(7,5,1,5,1,5,1,'10/04/2019',337599324,1),
	(7,5,1,5,1,5,1,'06/01/2019',318218935,1);	
